序号,链接,节点数
0,https://bPCW6s.absslk.xyz/8b7cb65329ad31b9102b044abbfc2e1c,0
1,https://cdn.jsdelivr.net/gh/vxiaov/free_proxies@main/clash/clash.provider.yaml,28
2,https://freenode.openrunner.net/uploads/20240807-clash.yaml,26
3,https://gitlab.com/colloq168/nodefiltrate/-/raw/main/filtrate?ref_type=heads,0
4,https://raw.githubusercontent.com/Alvin9999/pac2/master/clash.meta2/1/config.yaml,0
5,https://raw.githubusercontent.com/Alvin9999/pac2/master/clash.meta2/13/config.yaml,0
6,https://raw.githubusercontent.com/Alvin9999/pac2/master/clash.meta2/15/config.yaml,0
7,https://raw.githubusercontent.com/Alvin9999/pac2/master/clash.meta2/2/config.yaml,0
8,https://raw.githubusercontent.com/Alvin9999/pac2/master/clash.meta2/config.yaml,0
9,https://raw.githubusercontent.com/Barabama/FreeNodes/refs/heads/main/nodes/nodefree.txt,23
10,https://raw.githubusercontent.com/Barabama/FreeNodes/refs/heads/main/nodes/nodev2ray.txt,218
11,https://raw.githubusercontent.com/Barabama/FreeNodes/refs/heads/main/nodes/v2rayshare.txt,23
12,https://raw.githubusercontent.com/Barabama/FreeNodes/refs/heads/main/nodes/wenode.txt,23
13,https://raw.githubusercontent.com/Barabama/FreeNodes/refs/heads/main/nodes/yudou66.txt,173
14,https://raw.githubusercontent.com/Huibq/TrojanLinks/master/links/vmess,0
15,https://raw.githubusercontent.com/Misaka-blog/chromego_merge/main/sub/merged_proxies_new.yaml,157
16,https://raw.githubusercontent.com/MrMohebi/xray-proxy-grabber-telegram/master/collected-proxies/clash-meta/all.yaml,0
17,https://raw.githubusercontent.com/NiceVPN123/NiceVPN/main/Clash.yaml,3646
18,https://raw.githubusercontent.com/PuddinCat/BestClash/refs/heads/main/proxies.yaml,16
19,https://raw.githubusercontent.com/Surfboardv2ray/TGParse/main/python/hy2,8
20,https://raw.githubusercontent.com/Surfboardv2ray/TGParse/main/python/hysteria2,5
21,https://raw.githubusercontent.com/aiboboxx/clashfree/main/clash.yml,0
22,https://raw.githubusercontent.com/anaer/Sub/main/clash.yaml,0
23,https://raw.githubusercontent.com/chengaopan/AutoMergePublicNodes/master/list.yml,18
24,https://raw.githubusercontent.com/ermaozi/get_subscribe/main/subscribe/clash.yml,3
25,https://raw.githubusercontent.com/ermaozi01/free_clash_vpn/main/subscribe/clash.yml,18
26,https://raw.githubusercontent.com/lagzian/SS-Collector/main/mix_clash.yaml,190
27,https://raw.githubusercontent.com/mahdibland/ShadowsocksAggregator/master/Eternity.yml,201
28,https://raw.githubusercontent.com/mfuu/v2ray/master/clash.yaml,0
29,https://raw.githubusercontent.com/peasoft/NoMoreWalls/master/list.yml,0
30,https://raw.githubusercontent.com/qjlxg/hy2/main/splitted/hy2,0
31,https://raw.githubusercontent.com/ripaojiedian/freenode/main/clash,16
32,https://raw.githubusercontent.com/ripaojiedian/freenode/main/sub,16
33,https://raw.githubusercontent.com/ronghuaxueleng/get_v2/main/pub/combine.yaml,187
34,https://raw.githubusercontent.com/ts-sf/fly/main/clash,156
35,https://raw.githubusercontent.com/yaney01/Yaney01/main/temporary,38
36,https://raw.githubusercontent.com/yebekhe/TelegramV2rayCollector/main/sub/base64/mix,0
37,https://raw.githubusercontent.com/zhangkaiitugithub/passcro/main/speednodes.yaml,35
38,https://raw.githubusercontent.com/zhangkaiitugithub/passcro/main/speednodes.yaml,20
39,https://tt.vg/freeclash,0
40,dynamic://peasoft,0

总计,,4673
